,attendance,entry_mode,id,number,reference,scheduled,sr_id,status,utc_offset,weather
0,67431,INGEST,06d50f40-10ca-4918-bda7-7df773a771f0,3,57902,2019-09-08T17:00:00+00:00,sr:match:18001343,closed,-5,"Partly Cloudy Temp: 71 F, Humidity: 55%, Wind: NE 10 mph"
1,65012,INGEST,26c758eb-ebf1-46aa-9fa8-6934a8a74b23,5,57904,2019-09-08T17:00:00+00:00,sr:match:18001335,closed,-5,"Mostly Cloudy Temp: 91 F, Humidity: 56%, Wind: SSE 8 mph"
2,52359,INGEST,31c88647-6e15-47c5-b196-e03a7991a75b,16,57915,2019-09-10T02:20:00+00:00,sr:match:18001393,closed,-8,"Breezy Temp: 68 F, Humidity: 66%, Wind: W 15 mph"
3,73039,INGEST,3242f9ee-37c7-4508-aac9-6fb98259d673,15,57914,2019-09-09T23:10:00+00:00,sr:match:18001387,closed,-6,"Partly Cloudy Temp: 91 F, Humidity: 59%, Wind: SE 9 mph"
4,68710,INGEST,388f432f-f522-4552-9d81-55d64e804066,10,57909,2019-09-08T20:05:00+00:00,sr:match:18001357,closed,-8,"Cloudy Temp: 64 F, Humidity: 82%, Wind: S 7 mph"
5,65878,INGEST,3d3c2bda-e7b9-409a-9702-7ebaa0c7b5a3,14,57913,2019-09-09T00:20:00+00:00,sr:match:18001381,closed,-5,"Partly cloudy and mild Temp: 66 F, Humidity: 62%, Wind: NW 2 mph"
6,55976,INGEST,4b2875df-6f6b-4b33-9736-63e8637dcfef,13,57912,2019-09-08T20:25:00+00:00,sr:match:18001363,closed,-5,"Cloudy Temp: 93 F, Humidity: 52%, Wind: SW 9 mph"
7,78523,INGEST,75dce1db-65cb-42a7-a8ed-7bf5e9142f69,7,57906,2019-09-08T17:00:00+00:00,sr:match:18001331,closed,-5,"Mostly Sunny Temp: 77 F, Humidity: 46%, Wind: WNW 6 mph"
8,25363,INGEST,97af9f1a-cdae-40de-accc-080cb0d108bd,9,57908,2019-09-08T20:05:00+00:00,sr:match:18001351,closed,-8,"Sunny Temp: 77 F, Humidity: 52%, Wind: SW 10 mph"
9,69696,INGEST,9b261925-6913-4027-8348-2f93cc340956,8,57907,2019-09-08T17:00:00+00:00,sr:match:18001327,closed,-5,"Sunny Temp: 79 F, Humidity: 49%, Wind: W 4 mph"
10,60687,INGEST,ac9c23dc-8628-4954-84d1-26818cb0ac74,11,57910,2019-09-08T20:25:00+00:00,sr:match:18001373,closed,-8,"N/A Temp:  F, Wind:   mph"
11,60157,INGEST,af36ccfd-98ee-4c93-827e-7384d67919f5,4,57903,2019-09-08T17:00:00+00:00,sr:match:18001337,closed,-5,"Clear Temp: 91 F, Humidity: 54%, Wind: WSW 6mph mph"
12,72005,INGEST,b71eb733-026a-49d1-a1a1-2d59893a2e44,2,57901,2019-09-08T17:00:00+00:00,sr:match:18001325,closed,-5,"Sunny Temp: 87 F, Humidity: 53%, Wind: NNE 3 mph"
13,66714,INGEST,d40d7cb4-2b6b-4f44-b540-dfbaf0582456,6,57905,2019-09-08T17:00:00+00:00,sr:match:18001183,closed,-6,"N/A (Indoors) Temp:  F, Wind:   mph"
14,62435,INGEST,ebe4b2b3-cad3-42ca-9282-a8f44482d9a6,1,57900,2019-09-06T00:20:00+00:00,sr:match:18001319,closed,-6,"Clear Temp: 65 F, Humidity: 69%, Wind: E 10 mph"
15,90353,INGEST,f5d68421-c3a5-4c69-8617-a9ebe8a5c997,12,57911,2019-09-08T20:25:00+00:00,sr:match:18001365,closed,-6,"Temp:  F, Wind:   mph"
16,60158,INGEST,1dc044c4-a097-4dad-ae70-e82563602a9a,20,57919,2019-09-15T17:00:00+00:00,sr:match:18001425,closed,-5,"Controlled Climate Temp: 68 F, Humidity: 70%, Wind:   mph"
17,76885,INGEST,271203ab-56dc-4fc8-906d-4835c79694cf,29,57928,2019-09-15T20:25:00+00:00,sr:match:18001445,closed,-7,"Mostly Sunny Temp: 87 F, Humidity: 14%, Wind: East 3 mph"
18,71101,INGEST,2f490fd3-c6b3-4e0b-bc92-11ce30a4c1d8,17,57916,2019-09-13T00:20:00+00:00,sr:match:18001403,closed,-5,"Cloudy Temp: 85 F, Humidity: 55%, Wind: ENE 3 mph"
19,62849,INGEST,3224dbdf-ad1e-4389-b1b8-7ab57b7990fc,26,57925,2019-09-15T17:00:00+00:00,sr:match:18001413,closed,-6,"Sunny Temp: 93 F, Humidity: 45%, Wind: NE 1 mph"
20,72443,INGEST,3d3fa2e0-4497-47b3-82b8-be907ab74826,31,57930,2019-09-16T00:20:00+00:00,sr:match:18001451,closed,-5,"Temp:  F, Wind:   mph"
21,75128,INGEST,530862e0-7453-4530-ab17-19aa0b0f43c6,27,57926,2019-09-15T17:00:00+00:00,sr:match:18001411,closed,-5,"Sunny Temp: 80 F, Humidity: 46%, Wind: WNW 7 mph"
22,65063,INGEST,5dac7855-6476-48a1-8e96-290eb8284d8d,25,57924,2019-09-15T17:00:00+00:00,sr:match:18001415,closed,-5,"Sunny Temp: 81 F, Humidity: 51%, Wind: From S 3 mph"
23,78416,INGEST,5db12d2e-559c-463c-84c8-9572914c769a,21,57920,2019-09-15T17:00:00+00:00,sr:match:18001191,closed,-6,"Cloudy Temp: 72 F, Humidity: 75%, Wind: South 5 mph"
24,52748,INGEST,6a98e737-6db6-43f4-97be-7d4d60022d2a,28,57927,2019-09-15T20:05:00+00:00,sr:match:18001441,closed,-8,"Sunny Temp: 70 F, Humidity: 61%, Wind: WSW 13 mph"
25,78523,INGEST,9fe780b9-3d50-4512-b800-facf97e313c1,32,57931,2019-09-17T00:15:00+00:00,sr:match:18001461,closed,-5,"Cloudy Temp: 72 F, Humidity: 69%, Wind: N 3 mph"
26,74569,INGEST,ab293155-8108-46fe-b2e0-445c01bde448,24,57923,2019-09-15T17:00:00+00:00,sr:match:18001421,closed,-5,"Fair Temp: 79 F, Humidity: 48%, Wind: NNW 5 mph"
27,71651,INGEST,ac253c47-7651-42c8-b032-2f3ecc92dd8c,22,57921,2019-09-15T17:00:00+00:00,sr:match:18001431,closed,-6,"Sunny Temp: 89 F, Humidity: 52%, Wind: North East 10mph mph"
28,70126,INGEST,b9651b45-fc0d-4119-be99-6bd25d5241b7,18,57917,2019-09-15T17:00:00+00:00,sr:match:18001405,closed,-5,"Sunny Temp: 82 F, Humidity: 60%, Wind: NNW 8 mph"
29,71460,INGEST,bb291726-b69e-4eb9-858f-ae28c8f6dc76,30,57929,2019-09-15T20:25:00+00:00,sr:match:18001443,closed,-8,"Cloudy Temp: 85 F, Humidity: 44%, Wind: N 4 mph"
30,50666,INGEST,e0504840-bc74-498a-a178-d65c60c40e32,19,57918,2019-09-15T17:00:00+00:00,sr:match:18001423,closed,-5,"Mostly Sunny Temp: 81 F, Humidity: 45%, Wind: E 5 mph"
31,65513,INGEST,f6bc8acf-8227-4d57-9f17-b976c8919e57,23,57922,2019-09-15T17:00:00+00:00,sr:match:18001433,closed,-5,"Mostly Cloudy Temp: 87 F, Humidity: 67%, Wind: S 4 mph"
32,55070,INGEST,05e8c7ee-9bdb-41bc-82f9-95e09f9a303a,43,57942,2019-09-22T20:05:00+00:00,sr:match:18001509,closed,-5,"Cloudy Temp: 88 F, Humidity: 46%, Wind: E 11 mph"
33,69439,INGEST,268150a5-4fc0-47bb-b7c8-6c71ddaaa089,46,57945,2019-09-22T20:25:00+00:00,sr:match:18001517,closed,-8,"partly cloudy Temp: 79 F, Humidity: 36%, Wind: NW 3 mph"
34,78078,INGEST,37b06aae-af3f-4927-94df-699cee52b12f,36,57935,2019-09-22T17:00:00+00:00,sr:match:18001497,closed,-6,"Rain Temp: 69 F, Humidity: 93%, Wind: S-SW 7 mph"
35,60295,INGEST,515c1908-662c-44fd-99c1-4efbc1db8fc3,37,57936,2019-09-22T17:00:00+00:00,sr:match:18001493,closed,-5,"Sunny Temp: 82 F, Humidity: 48%, Wind: SSW 13 mph"
36,67431,INGEST,51915b20-e489-436d-9616-484bc5e1d605,47,57946,2019-09-23T00:20:00+00:00,sr:match:18001525,closed,-5,"Mostly Clear Temp: 83 F, Humidity: 33%, Wind: SSW 12 mph"
37,73390,INGEST,5cd8b48e-5a79-4412-ae28-5f5333d0dc6f,38,57937,2019-09-22T17:00:00+00:00,sr:match:18001489,closed,-6,"Temp: 71 F, Humidity: 87%, Wind: West 3 mph"
38,25349,INGEST,96c4b298-07f4-44f5-a0d2-7b8cf3e291f2,44,57943,2019-09-22T20:25:00+00:00,sr:match:18001523,closed,-8,"Partly Cloudy Temp: 87 F, Humidity: 37%, Wind: S 4 mph"
39,69448,INGEST,9ce7e7b9-361f-4f3a-bab8-e0a9f7e7add0,34,57933,2019-09-22T17:00:00+00:00,sr:match:18001473,closed,-5,"Mostly sunny Temp: 83 F, Humidity: 53%, Wind: WSW 13 mph"
40,65878,INGEST,add98d10-faf9-4c7e-bcd7-8cdd65392d71,40,57939,2019-09-22T17:00:00+00:00,sr:match:18001485,closed,-5,"Sunny and warm Temp: 81 F, Humidity: 49%, Wind: SW 10 mph"
41,67327,INGEST,baa7eec8-5bbd-4992-a306-fe0b82d38f24,48,57947,2019-09-24T00:15:00+00:00,sr:match:18001531,closed,-5,"Cloudy Temp: 87 F, Humidity: 39%, Wind: SW 5 mph"
42,69796,INGEST,ca9d31ff-225b-4dc2-8329-24f62a35235a,41,57940,2019-09-22T17:00:00+00:00,sr:match:18001479,closed,-5,"Sunny Temp: 84 F, Humidity: 53%, Wind: SSW 7 mph"
43,60104,INGEST,ea7b4d0c-9adc-4068-8f02-7c143566bcde,42,57941,2019-09-22T20:05:00+00:00,sr:match:18001511,closed,-8,"N/A Temp:  F, Wind:   mph"
44,58613,INGEST,f77f6f07-4ba1-4517-88d6-a487b1d408a9,33,57932,2019-09-20T00:20:00+00:00,sr:match:18001469,closed,-5,"Light rain Temp: 73 F, Humidity: 87%, Wind: NE 9mph mph"
45,66738,INGEST,f7e0bbe5-e78f-4e0e-8f67-b7f635b05c7a,39,57938,2019-09-22T17:00:00+00:00,sr:match:18001195,closed,-6,"N/A (Indoors) Temp:  F, Wind:   mph"
46,69005,INGEST,fa26379c-b8e3-40ed-a9a7-24bbcf29fbd4,45,57944,2019-09-22T20:25:00+00:00,sr:match:18001521,closed,-8,"Rain Temp: 63 F, Humidity: 85%, Wind: 8 SSE mph"
47,90127,INGEST,fb8f49a1-40fd-46b4-9128-36e1fa43a7cf,35,57934,2019-09-22T17:00:00+00:00,sr:match:18001503,closed,-6,"Temp:  F, Wind:   mph"
48,68117,INGEST,05d53287-1b14-406c-a3bf-2b6dcbf12000,59,57958,2019-09-29T20:05:00+00:00,sr:match:18001591,closed,-8,"Mostly Sunny Temp: 74 F, Humidity: 41%, Wind: SW 2 mph"
49,71699,INGEST,1300c61d-19b7-4ee8-9a5a-0ac2a374cbc2,54,57953,2019-09-29T17:00:00+00:00,sr:match:18001559,closed,-6,"Mostly Cloudy Temp: 89 F, Humidity: 61%, Wind: SE 6mph mph"
50,70686,INGEST,165bae05-c852-4911-9519-3d2de1dbf847,51,57950,2019-09-29T17:00:00+00:00,sr:match:18001569,closed,-5,"Partly Cloudy Temp: 83 F, Humidity: 57%, Wind: NE 8 mph"
51,65188,INGEST,2acf81d3-942f-438e-a9ac-7451ba3359d4,53,57952,2019-09-29T17:00:00+00:00,sr:match:18001567,closed,-5,"Controlled Climate Temp: 68 F, Humidity: 70%, Wind:   mph"
52,70317,INGEST,31ae5f62-de09-4303-8743-28d5782d54c5,52,57951,2019-09-29T17:00:00+00:00,sr:match:18001575,closed,-5,"Mostly cloudy Temp: 58 F, Humidity: 71%, Wind: E 10 mph"
53,64278,INGEST,58c3e0a0-e40a-4926-a3b3-8b7955169c87,56,57955,2019-09-29T17:00:00+00:00,sr:match:18001553,closed,-5,"Mostly Cloudy Temp: 88 F, Humidity: 53%, Wind: ENE 15 mph"
54,62259,INGEST,6fdcf1b1-351e-4fbb-a951-44842d5d3899,55,57954,2019-09-29T17:00:00+00:00,sr:match:18001557,closed,-5,"Cloudy Temp: 77 F, Humidity: 72%, Wind: NNE 10 mph"
55,73086,INGEST,7b4160cb-9aeb-4df8-9b6a-8528c401e823,62,57961,2019-09-30T00:20:00+00:00,sr:match:18001605,closed,-6,"Sunny Temp: 87 F, Humidity: 62%, Wind: E 10 mph"
56,60500,INGEST,9438ee07-8199-4fd0-90d9-aac4f8910d6e,58,57957,2019-09-29T20:05:00+00:00,sr:match:18001595,closed,-8,"N/A Indoors Temp:  F, Wind:   mph"
57,62131,INGEST,ac867786-b02e-4173-81a5-1a71507f0138,60,57959,2019-09-29T20:25:00+00:00,sr:match:18001197,closed,-6,"Cloudy Temp: 67 F, Humidity: 89%, Wind: East 8 mph"
58,77509,INGEST,bc4b46a4-f6ac-4b64-83a9-df07719637e8,49,57948,2019-09-27T00:20:00+00:00,sr:match:18001537,closed,-6,"Cloudy Temp: 60 F, Humidity: 62%, Wind: S 3 mph"
59,76219,INGEST,c02cde46-a399-45a6-9960-838af157eb3d,61,57960,2019-09-29T20:25:00+00:00,sr:match:18001601,closed,-7,"Sunny Temp: 87 F, Humidity: 11%, Wind: Southwest 14 Gusting to 24 mph"
60,72108,INGEST,c604b0c7-0d4c-4c20-9e7c-5ddef4884def,50,57949,2019-09-29T17:00:00+00:00,sr:match:18001543,closed,-5,"Temp:  F, Wind:   mph"
61,57959,INGEST,d84c54de-04d4-4a85-bcbc-32ea645b51a2,63,57962,2019-10-01T00:15:00+00:00,sr:match:18001611,closed,-5,"Clear Temp: 76 F, Humidity: 72%, Wind: From S 1 mph"
62,74149,INGEST,ff5926d6-1146-42d2-89d8-951b1505d753,57,57956,2019-09-29T17:00:00+00:00,sr:match:18001547,closed,-5,"Fair Temp: 77 F, Humidity: 42%, Wind: NNE 11 mph"
63,70585,INGEST,2edfe027-099e-4d67-a3c3-bcc78c276e4c,78,57977,2019-10-08T00:15:00+00:00,sr:match:18001677,closed,-8,"Clear Temp: 87 F, Humidity: 36%, Wind: NW 8 mph"
64,66910,INGEST,36f8ff56-8f54-4026-b4bd-a58ce4c23f08,73,57972,2019-10-06T17:00:00+00:00,sr:match:18001639,closed,-6,"Cloudy Temp: 77 F, Humidity: 71%, Wind: S 13 mph"
65,71787,INGEST,40b26287-da3d-4392-98b2-be7d631e12c8,67,57966,2019-10-06T17:00:00+00:00,sr:match:18001647,closed,-6,"Partly Cloudy Temp: 86 F, Humidity: 63%, Wind: E 4 mph"
66,25357,INGEST,4658878a-4906-4836-8286-4df2492ff956,75,57974,2019-10-06T20:05:00+00:00,sr:match:18001667,closed,-8,"Sunny Temp: 85 F, Humidity: 35%, Wind: W 12 mph"
67,68988,INGEST,6172531f-584c-4821-ac7a-e2fef86347bc,64,57963,2019-10-04T00:20:00+00:00,sr:match:18001627,closed,-8,"Cloudy Temp: 57 F, Humidity: 56%, Wind: SW 7 mph"
68,64037,INGEST,6a06ee3f-f25a-4fcb-8159-6a946c381ec2,72,57971,2019-10-06T17:00:00+00:00,sr:match:18001643,closed,-5,"Rain Temp: 70 F, Humidity: 74%, Wind: From SW 7 mph"
69,93024,INGEST,6a8a7c9c-d19c-4fe2-a525-7a15e40a751d,76,57975,2019-10-06T20:25:00+00:00,sr:match:18001671,closed,-6,"Temp:  F, Wind:   mph"
70,76483,INGEST,7c539fd0-d379-4950-84ed-b83ee2de6baa,74,57973,2019-10-06T17:00:00+00:00,sr:match:18001637,closed,-5,"Cloudy Temp: 70 F, Humidity: 66%, Wind: S 8 mph"
71,46012,INGEST,b10990ce-6ff0-44b8-b106-cf1d67be5e64,66,57965,2019-10-06T17:00:00+00:00,sr:match:18001645,closed,-5,"Cloudy Temp: 76 F, Humidity: 68%, Wind: SW 6 mph, Gusts to 10 mph"
72,72762,INGEST,b4ad1881-1002-4f9c-8d73-53313abdc74b,65,57964,2019-10-06T17:00:00+00:00,sr:match:18001633,closed,-5,"Cloudy Temp: 72 F, Humidity: 59%, Wind: ESE 4 mph"
73,73029,INGEST,c5fc42ec-dec7-4fa0-8e69-4885e497e00a,68,57967,2019-10-06T17:00:00+00:00,sr:match:18001651,closed,-6,"Sunny Temp: 85 F, Humidity: 77%, Wind: ENE 7 mph"
74,69796,INGEST,cb538956-1729-45d9-9105-ae0ac0ba6865,71,57970,2019-10-06T17:00:00+00:00,sr:match:18001661,closed,-5,"Cloudy Temp: 68 F, Humidity: 68%, Wind: S 10 mph"
75,60463,INGEST,e65a3bf9-f7af-482c-a5bf-f9cfecf2373b,70,57969,2019-10-06T17:00:00+00:00,sr:match:18001655,closed,0,"Cloudy Temp: 59 F, Humidity: 60%, Wind: WNW 15 mph"
76,73352,INGEST,e752a307-4738-4d0f-bb0d-bcb64127cdbb,77,57976,2019-10-07T00:20:00+00:00,sr:match:18001673,closed,-6,"Cloudy Temp: 59 F, Humidity: 75%, Wind: West 3 mph"
77,75041,INGEST,eaf1c022-73d8-4bee-b86c-18d04e1cb4b6,69,57968,2019-10-06T17:00:00+00:00,sr:match:18001199,closed,-5,"Cloudy Temp: 66 F, Humidity: 73%, Wind: South 10 mph"
78,25425,INGEST,16d3b602-d121-4900-9828-3006fbadff08,91,57990,2019-10-14T00:20:00+00:00,sr:match:18001791,closed,-8,"Clear Temp: 71 F, Humidity: 61%, Wind: SW 9 mph"
79,73323,INGEST,2d960257-9fed-4ebe-b04d-b5b947b3a9b8,84,57983,2019-10-13T17:00:00+00:00,sr:match:18001751,closed,-6,"Sunny Temp: 56 F, Humidity: 47%, Wind: North 2 mph"
80,76947,INGEST,346a96bd-a053-4463-bbf3-aa0be7335b87,92,57991,2019-10-15T00:15:00+00:00,sr:match:18001795,closed,-6,"Cloudy Temp: 43 F, Humidity: 73%, Wind: SW 5 mph"
81,67431,INGEST,3db80437-47d2-4347-8401-562c25841811,82,57981,2019-10-13T17:00:00+00:00,sr:match:18001761,closed,-5,"Sunny Temp: 58 F, Humidity: 38%, Wind: South 20 mph"
82,78523,INGEST,3e368c18-9c24-4188-bc25-f56dcde89806,90,57989,2019-10-13T20:25:00+00:00,sr:match:18001783,closed,-5,"Fair Temp: 66 F, Humidity: 38%, Wind: SSE 7 mph"
83,65878,INGEST,3f1adfe4-4559-4014-85b6-80eb8d3615e1,79,57978,2019-10-11T00:20:00+00:00,sr:match:18001727,closed,-5,"Mostly Cloudy Temp: 54 F, Humidity: 61%, Wind: NNE 13 mph"
84,75695,INGEST,480c1c9f-79e0-4147-a1bb-73660ae6e119,88,57987,2019-10-13T20:05:00+00:00,sr:match:18001775,closed,-8,"Sunny Temp: 77 F, Humidity: 42%, Wind: WNW 2 mph"
85,70051,INGEST,48a5ae33-5b1c-4bb1-ab36-0571e0e245a4,81,57980,2019-10-13T17:00:00+00:00,sr:match:18001767,closed,-5,"Cloudy Temp: 64 F, Humidity: 43%, Wind: East 7 mph"
86,64341,INGEST,50431038-becf-4524-917f-a7f6c0e5bf18,83,57982,2019-10-13T17:00:00+00:00,sr:match:18001757,closed,-5,"Sunny Temp: 81 F, Humidity: 56%, Wind: SSW 3 mph"
87,75815,INGEST,58382fbe-ed53-409e-9a8b-fc989b2e5c56,89,57988,2019-10-13T20:25:00+00:00,sr:match:18001785,closed,-7,"Sunny Temp: 69 F, Humidity: 9%, Wind: East 7 mph"
88,60087,INGEST,98b7835e-e2de-4b37-b194-2c674fa83739,80,57979,2019-10-13T13:30:00+00:00,sr:match:18001737,closed,0,"Mostly Cloudy Temp: 61 F, Humidity: 86%, Wind: SW 14 mph"
89,66837,INGEST,9bd6b819-5afd-4747-9ac2-4705e5a8ed59,86,57985,2019-10-13T17:00:00+00:00,sr:match:18001301,closed,-6,"N/A (Indoors) Temp:  F, Wind:   mph"
90,60140,INGEST,b9dda0bf-89ea-4157-97b5-818ba178f1cc,87,57986,2019-10-13T20:05:00+00:00,sr:match:18001779,closed,-8,"N/A Temp:  F, Wind:   mph"
91,59808,INGEST,f5b4423f-ecd4-45f8-9825-d998fdf1de88,85,57984,2019-10-13T17:00:00+00:00,sr:match:18001745,closed,-5,"Cloudy Temp: 84 F, Humidity: 66%, Wind: E 13 mph"
92,78160,INGEST,0b4c641d-44db-489c-9903-172ce9732db1,98,57997,2019-10-20T17:00:00+00:00,sr:match:18001355,closed,-6,"Sunny Temp: 55 F, Humidity: 74%, Wind: SW 6 mph"
93,68340,INGEST,2c17d140-a1fe-4530-82e6-f1c9cc8aa377,95,57994,2019-10-20T17:00:00+00:00,sr:match:18001345,closed,-5,"Mostly sunny Temp: 65 F, Humidity: 54%, Wind: SW 7 mph"
94,62306,INGEST,40f8cdfe-c23c-4317-8f20-c662bc6ca1cd,103,58002,2019-10-20T20:25:00+00:00,sr:match:18001391,closed,-6,"Partly Cloudy Temp: 54 F, Humidity: 84%, Wind: NE 6 mph"
95,71856,INGEST,586502a9-06fa-418b-acea-e6b977020fe5,94,57993,2019-10-20T17:00:00+00:00,sr:match:18001359,closed,-5,"Temp: 66 F, Humidity: 79%, Wind:   mph"
96,60314,INGEST,71ad3305-1043-413c-8203-146169d90ec7,97,57996,2019-10-20T17:00:00+00:00,sr:match:18001305,closed,-5,"Temp: 69 F, Humidity: 70%, Wind:   mph"
97,91213,INGEST,8b9e61e1-7dbc-4cf2-b313-b5a5f6abe8a6,105,58004,2019-10-21T00:20:00+00:00,sr:match:18001401,closed,-6,"Temp:  F, Wind:   mph"
98,59977,INGEST,91184c14-5cff-4ce9-a632-27c4229d58ac,99,57998,2019-10-20T17:00:00+00:00,sr:match:18001369,closed,-5,"Partly sunny Temp: 66 F, Humidity: 56%, Wind: NNW 2 mph"
99,78523,INGEST,937e8f7b-53e5-41b8-9cff-51f52c70f53c,106,58005,2019-10-22T00:15:00+00:00,sr:match:18001407,closed,-5,"Mostly Clear Temp: 58 F, Humidity: 73%, Wind: SSW 0 mph"
100,73577,INGEST,96a34277-885e-4222-ba19-553024d9e3a0,100,57999,2019-10-20T17:00:00+00:00,sr:match:18001379,closed,-5,"Light Rain Temp: 56 F, Humidity: 78%, Wind: North 3 mph"
101,62431,INGEST,b0906441-f0f1-4f33-875e-79b03a34d2e0,102,58001,2019-10-20T20:05:00+00:00,sr:match:18001385,closed,-6,"Sunny Temp: 77 F, Humidity: 40%, Wind: SE 2 mph"
102,76748,INGEST,b183903e-bccf-40c6-9e14-80ff46b25e84,93,57992,2019-10-18T00:20:00+00:00,sr:match:18001329,closed,-7,"Mostly Cloudy Temp: 75 F, Humidity: 7%, Wind: North East 6 mph"
103,61459,INGEST,e921a16f-fbf5-4646-956a-9c584d894078,101,58000,2019-10-20T17:00:00+00:00,sr:match:18001375,closed,-5,"Rain Temp: 55 F, Humidity: 93%, Wind: NNE 12 mph"
104,69012,INGEST,eb40ca83-91e9-46cb-992f-ffb5b9e43742,104,58003,2019-10-20T20:25:00+00:00,sr:match:18001395,closed,-8,"Rain Temp: 50 F, Humidity: 79%, Wind: SE 8 mph"
105,42784,INGEST,f2c8fff8-dfc5-4074-964b-eb0989e75fb9,96,57995,2019-10-20T17:00:00+00:00,sr:match:18001349,closed,-5,"Partly Sunny Temp: 70 F, Humidity: 63%, Wind: NNW 2 mph, gusts to 5 mph"
106,71483,INGEST,188e95e2-549d-46a5-823e-37c0c9f6d111,108,58007,2019-10-27T17:00:00+00:00,sr:match:18001429,closed,-5,"sUNNY Temp: 65 F, Humidity: 63%, Wind:   mph"
107,61653,INGEST,28055d84-ec4e-4211-b06e-74fd20227d54,118,58017,2019-10-27T17:00:00+00:00,sr:match:18001499,closed,-5,"Mostly sunny Temp: 55 F, Humidity: 73%, Wind: W 10 mph"
108,69083,INGEST,5281a4dd-8ad2-41f8-91b2-b11f7228af32,117,58016,2019-10-27T20:05:00+00:00,sr:match:18001487,closed,-8,"Sunny Temp: 66 F, Humidity: 20%, Wind: NW 19 mph"
109,73064,INGEST,5542f4fd-b989-4651-9618-814735a65575,115,58014,2019-10-27T17:00:00+00:00,sr:match:18001437,closed,-6,"Partly Cloudy Temp: 65 F, Humidity: 65%, Wind: NE 5 mph"
110,61632,INGEST,669f3b55-58c3-473a-863a-982c41203cd9,110,58009,2019-10-27T17:00:00+00:00,sr:match:18001463,closed,-6,"Clear Temp: 52 F, Humidity: 59%, Wind: W 9 mph"
111,59244,INGEST,81ed939e-dd00-4d12-b7f4-7e9386be5932,121,58020,2019-10-29T00:15:00+00:00,sr:match:18001513,closed,-5,"Clear Temp: 59 F, Humidity: 50%, Wind: From NE 2 mph"
112,83720,INGEST,8576dbb8-b112-4e75-a69e-c17ffcb2b7f6,114,58013,2019-10-27T17:00:00+00:00,sr:match:18001447,closed,-1,"Fair Temp: 48 F, Humidity: 69%, Wind: WNW 5 mph"
113,57833,INGEST,90e15372-88ea-4b79-a8b3-55c04a325d62,113,58012,2019-10-27T17:00:00+00:00,sr:match:18001455,closed,-5,"Temp: 79 F, Humidity: 87%, Wind: SSW 11 mph"
114,58509,INGEST,93a0aaa3-9723-4029-ae64-aac2d9aabd58,111,58010,2019-10-27T17:00:00+00:00,sr:match:18001475,closed,-5,"Controlled Climate Temp: 68 F, Humidity: 70%, Wind:   mph"
115,71893,INGEST,959dd436-6c9e-43b8-857c-ddc5f47a78e8,112,58011,2019-10-27T20:25:00+00:00,sr:match:18001481,closed,-6,"Sunny Temp: 76 F, Humidity: 47%, Wind: SE 1 mph"
116,62073,INGEST,9c4c1d81-7033-4810-ba5f-3d534361aea8,116,58015,2019-10-27T17:00:00+00:00,sr:match:18001435,closed,-6,"Cloudy Temp: 59 F, Humidity: 67%, Wind: NE 3 mph"
117,66776,INGEST,a06241f4-149a-4091-bfc0-4a309a3dd1d7,107,58006,2019-10-25T00:20:00+00:00,sr:match:18001309,closed,-6,"N/A (Indoors) Temp:  F, Wind:   mph"
118,73558,INGEST,dfbf96fe-1527-4d30-b3eb-002aea9e9f40,120,58019,2019-10-28T00:20:00+00:00,sr:match:18001507,closed,-6,"Cloudy Temp: 54 F, Humidity: 60%, Wind: West 5 mph"
119,69435,INGEST,e26ed838-7be0-4d52-8822-a7dc73b512d4,109,58008,2019-10-27T17:00:00+00:00,sr:match:18001459,closed,-5,"Cloudy with showers and wind Temp: 54 F, Humidity: 87%, Wind: WSW 23 mph"
120,65878,INGEST,ef6d0495-3fbc-4751-8a0a-8f5ae2ccf909,119,58018,2019-10-27T20:25:00+00:00,sr:match:18001495,closed,-5,"Rain Temp: 49 F, Humidity: 91%, Wind: E 11 mph"
121,71157,INGEST,0efdfb1e-56b9-41ed-9da1-e98af2b20cf4,134,58033,2019-11-04T01:20:00+00:00,sr:match:18001603,closed,-5,"Clear Temp: 48 F, Humidity: 41%, Wind: ESE 1 mph"
122,69796,INGEST,14b4368f-ca29-4b45-8e3d-3c771d1179d3,128,58027,2019-11-03T18:00:00+00:00,sr:match:18001549,closed,-5,"Sunny Temp: 52 F, Humidity: 37%, Wind: WNW 13 mph"
123,73615,INGEST,20dcf661-a2c2-4bf0-b8d9-62bcd281bc2c,126,58025,2019-11-03T18:00:00+00:00,sr:match:18001565,closed,-6,"Sunny Temp: 54 F, Humidity: 37%, Wind: Southwest 15 mph"
124,67685,INGEST,29874e8c-1a82-460a-be4c-49f0d807ef58,124,58023,2019-11-03T18:00:00+00:00,sr:match:18001579,closed,-5,"Mostly cloudy Temp: 42 F, Humidity: 56%, Wind: W 18 mph"
125,76743,INGEST,31814d53-e01f-4b64-b19f-963f2ba52a7e,132,58031,2019-11-03T21:25:00+00:00,sr:match:18001597,closed,-7,"Mostly Cloudy Temp: 55 F, Humidity: 32%, Wind: East 4 mph"
126,61115,INGEST,38eb4c66-8a42-43f7-b8f3-f96f8e0158d9,129,58028,2019-11-03T18:00:00+00:00,sr:match:18001555,closed,-5,"Partly Cloudy Temp: 48 F, Humidity: 47%, Wind: From W 12 mph"
127,25435,INGEST,41105e1c-cb6b-46c3-8309-941a95618587,133,58032,2019-11-03T21:25:00+00:00,sr:match:18001589,closed,-8,"Temp: 79 F, Humidity: 18%, Wind: SSW 2 mph"
128,59229,INGEST,417e41d6-fc78-4967-bbd7-1e931639f9b4,127,58026,2019-11-03T18:00:00+00:00,sr:match:18001561,closed,-5,"Mostly Cloudy Temp: 85 F, Humidity: 64%, Wind: N 11 mph"
129,72540,INGEST,687e1a2d-050c-49a9-b498-0ac5c2905ba7,125,58024,2019-11-03T18:00:00+00:00,sr:match:18001571,closed,-5,"Sunny Temp: 58 F, Humidity: 34%, Wind: N 5 mph"
130,84771,INGEST,70e95307-c221-43b9-8b04-d2869078c560,123,58022,2019-11-03T14:30:00+00:00,sr:match:18001539,closed,0,"Cloudy Temp: 53 F, Humidity: 54%, Wind: WSW 6 mph"
131,68948,INGEST,715bdb02-6962-41f7-b53f-bb3024840e76,131,58030,2019-11-03T21:05:00+00:00,sr:match:18001583,closed,-8,"Sunny Temp: 54 F, Humidity: 66%, Wind: NNW 6 mph"
132,76107,INGEST,8032455c-8245-4081-8b67-35fab3526af4,135,58034,2019-11-05T01:15:00+00:00,sr:match:18001607,closed,-5,"Fair Temp: 51 F, Humidity: 58%, Wind: South 10 mph"
133,60986,INGEST,963923dd-ad0a-4f91-82bb-4bce25fe522a,122,58021,2019-11-01T00:20:00+00:00,sr:match:18001529,closed,-7,"Sunny Temp: 75 F, Humidity: 5%, Wind: N 5 mph"
134,53318,INGEST,fddbcc4f-2d95-486e-a29b-3b7f3b4d88ff,130,58029,2019-11-03T21:05:00+00:00,sr:match:18001587,closed,-8,"Sunny Temp: 71 F, Humidity: 34%, Wind: WNW 6 mph"
135,45918,INGEST,09da2ce9-5ee6-4fe1-b830-cac8277cf729,138,58037,2019-11-10T18:00:00+00:00,sr:match:18001619,closed,-5,"Mostly sunny Temp: 56 F, Humidity: 53%, Wind: SSW 9 mph, gusts to 13 mph"
136,67431,INGEST,0d9c92c9-d81f-4088-8329-fc9dc2491e0b,139,58038,2019-11-10T18:00:00+00:00,sr:match:18001621,closed,-5,"Sunny Temp: 50 F, Wind: South west 10 mph"
137,73283,INGEST,25c5cea4-fb4b-4264-abb7-2c2a0bce3324,141,58040,2019-11-10T18:00:00+00:00,sr:match:18001631,closed,-6,"Sunny Temp: 67 F, Humidity: 57%, Wind: NE 5 mph"
138,60510,INGEST,42f5fb2f-617f-4c2c-b124-3f00ad42e8aa,145,58044,2019-11-10T21:05:00+00:00,sr:match:18001679,closed,-5,"Mostly sunny Temp: 59 F, Humidity: 52%, Wind: WSW 8 mph"
139,91188,INGEST,5b66f3d5-348b-49a2-8d65-b1adcbb95376,147,58046,2019-11-11T01:20:00+00:00,sr:match:18001683,closed,-6,"Clear skies Temp: 67 F, Humidity: 47%, Wind: South, Southeast 11 mph"
140,78523,INGEST,660e4066-c906-49d1-adab-687fb33aee20,142,58041,2019-11-10T18:00:00+00:00,sr:match:18001665,closed,-5,"Cloudy Temp: 48 F, Humidity: 50%, Wind: 8 SSW mph"
141,51954,INGEST,6d5b9766-3e16-4342-94c6-5627c794a6b5,136,58035,2019-11-08T01:20:00+00:00,sr:match:18001615,closed,-8,"Partly Cloudy Temp: 54 F, Humidity: 84%, Wind: W 9 mph"
142,68864,INGEST,7b95b958-ffae-4a6e-bbac-7d6133fe18da,144,58043,2019-11-10T18:00:00+00:00,sr:match:18001669,closed,-6,"Sunny Temp: 63 F, Humidity: 35%, Wind: SW 9 mph"
143,63627,INGEST,8b19bb80-2e98-4d52-b968-36af6268d02d,146,58045,2019-11-10T21:25:00+00:00,sr:match:18001681,closed,-5,"Clear Temp: 55 F, Humidity: 44%, Wind: From SW 12 mph"
144,78090,INGEST,8b677982-54f9-48e2-a806-9c5ef15e51a4,140,58039,2019-11-10T21:25:00+00:00,sr:match:18001623,closed,-6,"Temp: 34 F, Humidity: 59%, Wind: North 6 mph"
145,40038,INGEST,a804d911-6b60-493a-9e36-91d9c839d39d,143,58042,2019-11-10T18:00:00+00:00,sr:match:18001675,closed,-5,"Sunny Temp: 77 F, Humidity: 53%, Wind: ENE 8 mph"
146,71404,INGEST,b0bf6c73-8818-4ace-9088-235ec6dc1844,148,58047,2019-11-12T01:15:00+00:00,sr:match:18001687,closed,-8,"Mostly clear Temp: 77 F, Humidity: 32%, Wind: Southerly 3 mph"
147,61758,INGEST,d5719956-722a-4aec-96d1-22821c8c4e6b,137,58036,2019-11-10T18:00:00+00:00,sr:match:18001659,closed,-6,"overcast Temp: 40 F, Humidity: 80%, Wind: N 12 mph mph"
148,61801,INGEST,30ab1f6f-88b2-4bf9-9803-220fd58b791c,152,58051,2019-11-17T18:00:00+00:00,sr:match:18001699,closed,-5,"Temp: 68 F, Humidity: 70%, Wind:   mph"
149,67431,INGEST,41091b8e-43ed-4181-9461-58ce8b6835e3,149,58048,2019-11-15T01:20:00+00:00,sr:match:18001693,closed,-5,"Cold Temp: 36 F, Humidity: 57%, Wind: SW 10 mph"
150,61986,INGEST,4920fe42-2dd3-439c-a16f-ab108ab1e821,153,58052,2019-11-17T18:00:00+00:00,sr:match:18001703,closed,-5,"Mostly cloudy Temp: 43 F, Humidity: 62%, Wind: N 2 mph"
151,69419,INGEST,4b01dc8c-2bc7-43cd-8834-5c5395a8cdc0,158,58057,2019-11-17T21:05:00+00:00,sr:match:18001721,closed,-8,"Sunny Temp: 72 F, Humidity: 46%, Wind: NW 0 mph"
152,70758,INGEST,6fe944db-5215-468f-89de-348971859861,161,58060,2019-11-18T01:20:00+00:00,sr:match:18001731,closed,-8,"Clear Temp: 79 F, Humidity: 20%, Wind:   mph"
153,66883,INGEST,719da8dc-c613-4f0e-99ba-89b4a4110966,155,58054,2019-11-17T18:00:00+00:00,sr:match:18001711,closed,-6,"N/A (Indoors) Temp:  F, Wind:   mph"
154,76252,INGEST,909c7493-83a2-4d25-91f6-39a6fc1f4408,162,58061,2019-11-19T01:15:00+00:00,sr:match:18001735,closed,-6,"Cloudy Temp: 67 F, Humidity: 63%, Wind: WNW 7 mph"
155,70731,INGEST,a2533770-9f57-4c3a-a7f9-184c31094f96,150,58049,2019-11-17T18:00:00+00:00,sr:match:18001709,closed,-5,"Cloudy Temp: 44 F, Humidity: 56%, Wind: NE 10 mph"
156,56426,INGEST,af2392fc-1a10-4409-916a-5c6cfda2b3e3,157,58056,2019-11-17T18:00:00+00:00,sr:match:18001715,closed,-5,"Cloudy Temp: 43 F, Humidity: 58%, Wind: NE 8 mph"
157,69796,INGEST,b77224ad-2f59-456b-a435-59edd5092f4c,160,58059,2019-11-17T21:25:00+00:00,sr:match:18001729,closed,-5,"Cloudy Temp: 42 F, Humidity: 57%, Wind: NNE 13 mph"
158,73106,INGEST,cf2b74f7-deba-4048-af3c-3c6b1d598928,151,58050,2019-11-17T18:00:00+00:00,sr:match:18001695,closed,-5,"Partly Cloudy Temp: 51 F, Humidity: 50%, Wind: NNE 11 mph"
159,64187,INGEST,ec1c109c-813a-4f3a-aa1b-88904fe285fc,154,58053,2019-11-17T18:00:00+00:00,sr:match:18001705,closed,-5,"Cloudy Temp: 62 F, Humidity: 74%, Wind: NNW 13 mph"
160,54333,INGEST,f0a1749b-12d6-41ea-83a2-80e688587dbd,156,58055,2019-11-17T18:00:00+00:00,sr:match:18001717,closed,-5,"Cloudy Temp: 55 F, Humidity: 79%, Wind: NNW 4 mph"
161,51921,INGEST,fdf03d45-8056-4ba8-a71f-58735ae3968d,159,58058,2019-11-17T21:25:00+00:00,sr:match:18001723,closed,-8,"Sunny Temp: 76 F, Humidity: 41%, Wind: WNW 13 mph"
162,71463,INGEST,327f5b24-9db5-445b-924c-03dabb2c56e6,164,58063,2019-11-24T18:00:00+00:00,sr:match:18001765,closed,-5,"Temp: 52 F, Humidity: 54%, Wind:   mph"
163,71500,INGEST,3b577843-8eb8-4f66-a44a-e74a6c68a956,174,58073,2019-11-25T01:20:00+00:00,sr:match:18001789,closed,-8,"Clear Temp: 63 F, Humidity: 40%, Wind: NW 7 mph"
164,72409,INGEST,3bf6121b-de20-4357-854d-ea6caa9f086c,176,58075,2019-11-26T01:15:00+00:00,sr:match:18001797,closed,-8,"Clear Temp: 62 F, Humidity: 64%, Wind: WSW 5 mph"
165,67431,INGEST,5d3716f2-a5de-47c3-982a-c3e35b894b68,168,58067,2019-11-24T18:00:00+00:00,sr:match:18001759,closed,-5,"Partly Cloudy Temp: 39 F, Humidity: 73%, Wind: West 14 mph"
166,61581,INGEST,933e9040-59e2-4777-8d88-250b1b00d397,166,58065,2019-11-24T18:00:00+00:00,sr:match:18001749,closed,-6,"Mostly Sunny Temp: 48 F, Humidity: 59%, Wind: WSW 12 mph"
167,69796,INGEST,a404ed78-c8b3-4219-97ce-e9a46e250cb3,175,58074,2019-11-24T18:00:00+00:00,sr:match:18001793,closed,-5,"Rain Temp: 40 F, Humidity: 78%, Wind: WNW 17 mph"
168,65878,INGEST,a8ec86bb-1564-456f-b0ea-591008dc9d4f,173,58072,2019-11-24T21:25:00+00:00,sr:match:18001787,closed,-5,"Rain and Wind Temp: 38 F, Humidity: 90%, Wind: NNW 16 mph"
169,73068,INGEST,b65d80c8-e722-47b1-9f57-a6cf56c9f202,169,58068,2019-11-24T18:00:00+00:00,sr:match:18001769,closed,-6,"Sunny Temp: 52 F, Humidity: 59%, Wind: N 5 mph"
170,78523,INGEST,c6a5bb14-5e9c-4fff-982f-345863750911,170,58069,2019-11-24T18:00:00+00:00,sr:match:18001777,closed,-5,"Raining Temp: 43 F, Humidity: 93%, Wind: NW 12 mph"
171,67338,INGEST,cd8d617c-1ac1-4fcb-95dc-4f29a8171b8c,165,58064,2019-11-24T18:00:00+00:00,sr:match:18001747,closed,-5,"Cloudy Temp: 40 F, Humidity: 75%, Wind: WSW 17 mph"
172,60926,INGEST,cda47a38-663f-45a3-8fc5-c70804838fdd,172,58071,2019-11-24T21:05:00+00:00,sr:match:18001781,closed,-6,"Sunny Temp: 52 F, Humidity: 54%, Wind: WSW 9 mph"
173,57754,INGEST,e43539af-4923-4172-a85b-c9cc6f32274d,171,58070,2019-11-24T18:00:00+00:00,sr:match:18001773,closed,-5,"Sunny Temp: 46 F, Humidity: 56%, Wind: W 17 mph"
174,71727,INGEST,f91c0c03-b2f9-4286-806a-76b2402abf51,163,58062,2019-11-22T01:20:00+00:00,sr:match:18001741,closed,-6,"Mostly Cloudy Temp: 75 F, Humidity: 79%, Wind: SE 9 mph"
175,47423,INGEST,faf3a41f-a4e3-4ba2-93e7-cc34c024f04b,167,58066,2019-11-24T18:00:00+00:00,sr:match:18001755,closed,-5,"Partly Sunny Temp: 46 F, Humidity: 62%, Wind: WSW 10 mph, gusts to 15 mph"
176,90445,INGEST,07c8efca-1005-476e-bf44-f4cf599a74ff,178,58077,2019-11-28T21:30:00+00:00,sr:match:18001339,closed,-6,"Temp:  F, Wind:   mph"
177,73548,INGEST,0f322d5a-90c1-460a-a4f5-7c491585814d,185,58084,2019-12-01T21:25:00+00:00,sr:match:18001397,closed,-6,"Cloudy Temp: 36 F, Humidity: 55%, Wind: Northwest 20 mph"
178,65545,INGEST,1f4fa0a5-b968-4e05-8143-9c9eac989097,186,58085,2019-12-01T18:00:00+00:00,sr:match:18126607,closed,-5,"Temp: 82 F, Humidity: 55%, Wind: s 15 mph"
179,39804,INGEST,2da08806-b5d9-4da9-a724-14edc60d2009,182,58081,2019-12-01T18:00:00+00:00,sr:match:18001361,closed,-5,"Cloudy Temp: 46 F, Humidity: 77%, Wind: SW 15 mph, gusts to 28 mph"
180,71993,INGEST,32300d54-ab32-4fc6-97bd-5c7dc30c989f,179,58078,2019-11-29T01:20:00+00:00,sr:match:18001341,closed,-5,"Temp:  F, Wind:   mph"
181,69080,INGEST,36c855c9-9e51-4ca1-811f-af1baebc56f2,192,58091,2019-12-03T01:15:00+00:00,sr:match:18001439,closed,-8,"Clear Temp: 51 F, Humidity: 65%, Wind: SSE 1 mph"
182,60361,INGEST,4c179d92-363e-427e-ba20-45ff878d60a7,183,58082,2019-12-01T18:00:00+00:00,sr:match:18001353,closed,-5,"Light rain Temp: 40 F, Humidity: 69%, Wind: W 14 mph"
183,72025,INGEST,4d73fadc-7536-4a13-ad24-9a7f56aa25a2,191,58090,2019-12-02T01:20:00+00:00,sr:match:18001427,closed,-6,"Clear Temp: 60 F, Humidity: 32%, Wind: nw 4mph mph"
184,60944,INGEST,62e858b2-acc9-48f7-aea5-f8b92227b065,188,58087,2019-12-01T21:05:00+00:00,sr:match:18001399,closed,-7,"Partly Cloudy Temp: 64 F, Humidity: 26%, Wind: ENE 3 mph"
185,74638,INGEST,74bd78c5-a5ec-4390-9ffb-061a987117f7,189,58088,2019-12-01T21:25:00+00:00,sr:match:18001417,closed,-7,"Mostly Sunny Temp: 33 F, Humidity: 51%, Wind: East 7 mph"
186,62157,INGEST,920ea4ba-7bcc-4827-a75e-a488b35e8ecc,190,58089,2019-12-01T18:00:00+00:00,sr:match:18001409,closed,-5,"Mostly Cloudy Temp: 46 F, Humidity: 91%, Wind: From SE 6 mph"
187,71504,INGEST,c0d6c453-d848-45e1-aa4b-24d4341f1a3f,181,58080,2019-12-01T18:00:00+00:00,sr:match:18001371,closed,-5,"Cloudy Temp: 64 F, Humidity: 77%, Wind: WSW 16 mph"
188,75950,INGEST,c58989c1-d046-44f5-ab16-1932ebd6d0d8,187,58086,2019-12-01T18:00:00+00:00,sr:match:18001389,closed,-5,"Freezing Rain Temp: 32 F, Humidity: 86%, Wind: NE 10 mph"
189,71029,INGEST,df9e69c1-d071-409c-b348-a11e4e2235ec,180,58079,2019-12-01T18:00:00+00:00,sr:match:18001377,closed,-5,"Cloudy, Light Rain Temp: 40 F, Humidity: 91%, Wind: East 13 mph mph"
190,65412,INGEST,f750eb56-f2d8-4c66-adaf-9abbf10990f2,177,58076,2019-11-28T17:30:00+00:00,sr:match:18001333,closed,-5,"Controlled Climate Temp: 68 F, Humidity: 70%, Wind:   mph"
191,62633,INGEST,fdbb44c0-b986-4d4f-bc6c-6b330f5aec2a,184,58083,2019-12-01T18:00:00+00:00,sr:match:18001383,closed,-5,"Temp: 77 F, Humidity: 77%, Wind: SW 15mph mph"
192,61276,INGEST,0be4a82c-67fe-4990-a310-c19d0d789938,193,58092,2019-12-06T01:20:00+00:00,sr:match:18001453,closed,-6,"Mostly Cloudy Temp: 44 F, Humidity: 66%, Wind: s 9 mph"
193,52760,INGEST,13ecff23-081d-49a9-84c6-648d7bbba931,206,58105,2019-12-08T21:25:00+00:00,sr:match:18001541,closed,-8,"Cloudy Temp: 59 F, Humidity: 78%, Wind: W 5 mph"
194,77296,INGEST,22554ec0-c90b-488c-ab94-34a9e3b25014,197,58096,2019-12-08T18:00:00+00:00,sr:match:18001527,closed,-6,"Cloudy Temp: 37 F, Humidity: 75%, Wind: SW 10 mph"
195,66776,INGEST,2497ea90-d52a-4f00-88aa-3cbafbb8d860,199,58098,2019-12-08T18:00:00+00:00,sr:match:18001501,closed,-6,"N/A (Indoors) Temp:  F, Wind:   mph"
196,65878,INGEST,2537c63f-693d-44ce-90dd-dad28132d537,205,58104,2019-12-08T21:25:00+00:00,sr:match:18001847,closed,-5,"Cloudy Temp: 32 F, Humidity: 56%, Wind: South 8 mph"
197,70592,INGEST,27fa8dd6-17d7-46d6-958b-342a32d23d35,194,58093,2019-12-08T18:00:00+00:00,sr:match:18001467,closed,-5,"Temp:  F, Wind:   mph"
198,73038,INGEST,46235d88-2782-4247-b15d-84fe44b7fc4f,200,58099,2019-12-08T18:00:00+00:00,sr:match:18001491,closed,-6,"Sunny Temp: 64 F, Humidity: 69%, Wind: NNE 1 mph"
199,67431,INGEST,49900ffc-e11b-4be6-9e42-160a4984fd50,196,58095,2019-12-08T18:00:00+00:00,sr:match:18001519,closed,-5,"Sunny Temp: 48 F, Humidity: 58%, Wind: S 16 mph"
200,50232,INGEST,52b51929-2b9c-4948-9ab1-203252afdec4,202,58101,2019-12-08T18:00:00+00:00,sr:match:18001471,closed,-5,"Cloudy Temp: 78 F, Humidity: 58%, Wind: ESE 9 mph"
201,63880,INGEST,85563b95-7ed2-4663-8342-425f92df0323,204,58103,2019-12-08T21:25:00+00:00,sr:match:18001535,closed,-7,"N/A Temp:  F, Wind:   mph"
202,69796,INGEST,85ca1a73-15bb-4eeb-9021-a9b1c0531dcb,208,58107,2019-12-10T01:15:00+00:00,sr:match:18001563,closed,-5,"Rain Temp: 53 F, Humidity: 87%, Wind: SW 11 mph"
203,71769,INGEST,96f2e032-0efc-47ec-aabe-9df66b10f38b,198,58097,2019-12-08T18:00:00+00:00,sr:match:18001505,closed,-6,"Sunny Temp: 70 F, Humidity: 80%, Wind: ESE 4mph mph"
204,78523,INGEST,c66e2668-f7ae-489f-bb6c-d68823e2b668,201,58100,2019-12-08T18:00:00+00:00,sr:match:18001477,closed,-5,"Mostly Sunny Temp: 41 F, Humidity: 47%, Wind: SW 9 mph"
205,57866,INGEST,de0b0022-a53a-4569-b8a3-b0d7a1ee9610,203,58102,2019-12-08T21:05:00+00:00,sr:match:18001533,closed,-5,"Temp: 62 F, Humidity: 89%, Wind: ESE 7-12mph mph"
206,69134,INGEST,f6fd7b8e-9926-4f54-8d9a-9859227c2178,195,58094,2019-12-08T18:00:00+00:00,sr:match:18001515,closed,-5,"Cloudy Temp: 43 F, Humidity: 48%, Wind: SSW 18 mph"
207,71501,INGEST,fa1b32dd-dc29-43b0-8623-8e54312dc95b,207,58106,2019-12-09T01:20:00+00:00,sr:match:18001551,closed,-8,"Cloudy Temp: 60 F, Humidity: 79%, Wind: SW 4 mph"
208,64694,INGEST,24c32a77-8c0f-46d1-9d89-20315d7d1f92,216,58115,2019-12-16T01:20:00+00:00,sr:match:18001593,closed,-5,"Cloudy Temp: 31 F, Humidity: 67%, Wind: From W 6 mph"
209,63345,INGEST,3a29f7fc-a109-495b-a3fa-a09bee59066c,219,58118,2019-12-15T21:05:00+00:00,sr:match:18001635,closed,-7,"Sunny Temp: 66 F, Humidity: 24%, Wind: WSW 11 mph"
210,73257,INGEST,55733da2-601f-4c53-8835-a662fcf5edf7,214,58113,2019-12-15T18:00:00+00:00,sr:match:18001609,closed,-6,"Snow Temp: 24 F, Humidity: 88%, Wind: East 8 mph"
211,56515,INGEST,5d6ec2f9-d91a-4a53-b55b-3351ae3e5d89,212,58111,2019-12-15T18:00:00+00:00,sr:match:18001617,closed,-5,"Controlled Climate Temp: 68 F, Humidity: 70%, Wind:   mph"
212,65265,INGEST,7cf0da9c-2db2-4abc-9b8a-067492a93d67,217,58116,2019-12-15T18:00:00+00:00,sr:match:18001585,closed,-6,"Cloudy Temp: 45 F, Humidity: 71%, Wind: SE 4 mph"
213,73053,INGEST,7e5bf1c5-e4dd-4f47-a4ec-2b4d55350aaf,224,58123,2019-12-17T01:15:00+00:00,sr:match:18001663,closed,-6,"Cloudy Temp: 73 F, Humidity: 87%, Wind: S 10 mph"
214,52788,INGEST,83c99e85-5428-4c31-8322-8d90bc6aa666,220,58119,2019-12-15T21:05:00+00:00,sr:match:18001629,closed,-8,"Sunny Temp: 59 F, Humidity: 52%, Wind: W 7 mph"
215,70545,INGEST,9025fc1f-f362-462b-a069-abbc7123f3d7,209,58108,2019-12-13T01:20:00+00:00,sr:match:18001573,closed,-5,"Partly Cloudy Temp: 33 F, Humidity: 55%, Wind: SSE 3 mph"
216,70910,INGEST,aa2fa14c-0b17-4af2-9236-af0daf174820,222,58121,2019-12-15T21:25:00+00:00,sr:match:18001641,closed,-8,"partly cloudy Temp: 55 F, Humidity: 58%, Wind: north by northwest 6 mph"
217,72894,INGEST,c38848b8-dfc7-457a-b85f-81dffdb47bfe,215,58114,2019-12-15T18:00:00+00:00,sr:match:18001599,closed,-5,"Cloudy Temp: 48 F, Humidity: 42%, Wind: WNW 19 mph"
218,72544,INGEST,c902ff14-1fe3-4c6d-86b6-f8f9d1d6061e,210,58109,2019-12-15T18:00:00+00:00,sr:match:18001577,closed,-5,"Sunny Temp: 56 F, Humidity: 45%, Wind: SW 5 mph"
219,25446,INGEST,d19176ad-1b9e-43a6-9e3c-50640f86c842,223,58122,2019-12-15T21:05:00+00:00,sr:match:18001653,closed,-8,"Sunny Temp: 64 F, Humidity: 28%, Wind: NW 14 mph"
220,78266,INGEST,dd26033e-b465-4f8f-b7d8-5a9832a6a418,213,58112,2019-12-15T18:00:00+00:00,sr:match:18001625,closed,-6,"Sunny Temp: 11 F, Humidity: 70%, Wind: W 7 mph"
221,57066,INGEST,de462398-54fa-4893-a09d-5ad21e91bc4d,211,58110,2019-12-15T18:00:00+00:00,sr:match:18001613,closed,-5,"Cloudy Temp: 36 F, Humidity: 58%, Wind: WNW 6 mph, gusts to 8 mph"
222,63246,INGEST,f1ec57df-f231-490e-9ae3-97abf8345460,218,58117,2019-12-15T18:00:00+00:00,sr:match:18001581,closed,-5,"Sunny Temp: 52 F, Humidity: 44%, Wind: West 13 mph"
223,90436,INGEST,f7aba925-f663-4658-9432-f369e2a8aa09,221,58120,2019-12-15T21:25:00+00:00,sr:match:18001649,closed,-6,"clear skies Temp: 76 F, Humidity: 47%, Wind: SSW 9 mph"
224,70103,INGEST,0036a0f8-595c-4321-9dcf-3bafdd3db046,228,58127,2019-12-22T01:15:00+00:00,sr:match:18001713,closed,-8,"Cloudy Temp: 58 F, Humidity: 66%, Wind: SW 12 mph"
225,66083,INGEST,064e4d8b-516d-4ff9-b912-17c6461f6f81,236,58135,2019-12-22T18:00:00+00:00,sr:match:18001691,closed,-5,"Clear Temp: 44 F, Humidity: 52%, Wind: SSW 6 mph"
226,60968,INGEST,37516724-fb32-4f37-bb86-70db32c35a74,233,58132,2019-12-22T18:00:00+00:00,sr:match:18001743,closed,-5,"Cloudy Temp: 76 F, Humidity: 68%, Wind: ESE 15 mph"
227,49036,INGEST,57ac1cce-805a-4dc3-984d-e54ff3340ad4,229,58128,2019-12-21T18:00:00+00:00,sr:match:18001719,closed,-5,"Cloudy Temp: 73 F, Humidity: 65%, Wind: E 11 mph"
228,25380,INGEST,60ee1e04-d92d-49d3-9b7a-53bd9e495bb4,226,58125,2019-12-22T21:05:00+00:00,sr:match:18001689,closed,-8,"Partly Cloudy Temp: 64 F, Humidity: 60%, Wind: SE 10 mph"
229,66756,INGEST,69438c78-3fda-45fa-9de6-9db6229d8d37,235,58134,2019-12-22T18:00:00+00:00,sr:match:18001697,closed,-6,"Cloudy Temp: 50 F, Humidity: 59%, Wind: NE 4 mph"
230,69022,INGEST,8f598cf2-6758-4e04-80c8-787dd176b9f8,238,58137,2019-12-22T21:25:00+00:00,sr:match:18001753,closed,-8,"Cloudy Temp: 43 F, Humidity: 87%, Wind: N 7 mph"
231,78523,INGEST,98b2486b-6362-40c7-9f92-61498bdd81fb,234,58133,2019-12-22T18:00:00+00:00,sr:match:18001701,closed,-5,"Sunny and cool Temp: 45 F, Humidity: 52%, Wind: SW 6 mph"
232,65878,INGEST,9e1f98bb-5133-417b-bcc5-d28022bd7ee5,227,58126,2019-12-21T21:30:00+00:00,sr:match:18001707,closed,-5,"Cloudy and cool Temp: 33 F, Humidity: 64%, Wind: S 2 mph"
233,67431,INGEST,a7513603-a003-4f68-9903-9339186fa28d,231,58130,2019-12-22T18:00:00+00:00,sr:match:18001733,closed,-5,"Sunny Temp: 49 F, Humidity: 41%, Wind: South 10 mph"
234,61845,INGEST,aaad4b3b-1501-4b42-90ec-f97c2d5e3c8f,232,58131,2019-12-22T18:00:00+00:00,sr:match:18001739,closed,-5,"Sunny Temp: 45 F, Humidity: 57%, Wind: S 3 mph"
235,67157,INGEST,d3ea4b70-149f-47ad-b31e-6f665ed436b0,240,58139,2019-12-24T01:15:00+00:00,sr:match:18001801,closed,-6,"N/A (Indoors) Temp:  F, Wind:   mph"
236,62213,INGEST,d4817852-bb4b-42a9-8381-4ee7be827ce0,239,58138,2019-12-23T01:20:00+00:00,sr:match:18001771,closed,-6,"Clear Temp: 45 F, Humidity: 66%, Wind: SW 10 mph"
237,69796,INGEST,d7020af6-f11f-4f79-98bd-385d9f9f663c,237,58136,2019-12-22T21:25:00+00:00,sr:match:18001763,closed,-5,"Clear Temp: 47 F, Humidity: 46%, Wind: WSW 7 mph"
238,74115,INGEST,e1737bea-a92e-4a77-a426-b11f316b9fbc,225,58124,2019-12-22T21:05:00+00:00,sr:match:18001685,closed,-7,"Mostly Cloudy Temp: 67 F, Humidity: 8%, Wind: East 3 mph"
239,70873,INGEST,f10b9abf-782f-4d66-8daa-c0def4fc8a06,230,58129,2019-12-22T18:00:00+00:00,sr:match:18001725,closed,-5,"Temp:  F, Wind:   mph"
240,66913,INGEST,1e6e21a6-d18a-4d1f-a6bf-1b5525cbe324,250,58149,2019-12-29T18:00:00+00:00,sr:match:18001825,closed,-6,"N/A (Indoors) Temp:  F, Wind:   mph"
241,76334,INGEST,3506341c-b97d-4e59-ba31-cbc91a2d45cc,254,58153,2019-12-29T21:25:00+00:00,sr:match:18001829,closed,-7,"Sunny Temp: 31 F, Humidity: 43%, Wind: E 6 mph"
242,50417,INGEST,4642df08-9969-46d7-8e5d-aad758c167fa,253,58152,2019-12-29T18:00:00+00:00,sr:match:18001807,closed,-5,"Cloudy Temp: 78 F, Humidity: 77%, Wind: SSE 12 mph"
243,65878,INGEST,50ebba49-b4f9-4667-b4fa-8602cb6d5064,251,58150,2019-12-29T18:00:00+00:00,sr:match:18001827,closed,-5,"Partly Cloudy Temp: 43 F, Humidity: 41%, Wind: North 2 mph"
244,71794,INGEST,57668483-e5d5-4edc-993f-2b8a40ba1125,247,58146,2019-12-29T21:25:00+00:00,sr:match:18001819,closed,-6,"Partly Cloudy Temp: 64 F, Humidity: 36%, Wind: NW 12mph mph"
245,69162,INGEST,5ae686ad-82e2-4d0f-8368-12a620fa9750,256,58155,2019-12-30T01:20:00+00:00,sr:match:18001833,closed,-8,"Partly cloudy Temp: 51 F, Humidity: 70%, Wind: S 3 mph"
246,62840,INGEST,5d9b3518-dcb4-4f51-8bac-f60a81a5b404,246,58145,2019-12-29T18:00:00+00:00,sr:match:18001817,closed,-5,"Controlled Climate Temp: 68 F, Humidity: 70%, Wind:   mph"
247,90646,INGEST,69165c92-6b05-4361-87a6-8834408c1599,245,58144,2019-12-29T21:25:00+00:00,sr:match:18001815,closed,-6,"Temp:  F, Wind:   mph"
248,58472,INGEST,6fc5974d-4235-4cc2-9c6e-ae2ccb0e58e8,248,58147,2019-12-29T21:25:00+00:00,sr:match:18001821,closed,-5,"Temp: 74 F, Humidity: 91%, Wind: SSE 6mph mph"
249,47759,INGEST,74780241-9790-48e1-b403-45e15130c15b,244,58143,2019-12-29T18:00:00+00:00,sr:match:18001813,closed,-5,"Rain Temp: 64 F, Humidity: 80%, Wind: South 7 mph, gusts to 12 mph"
250,73680,INGEST,a4628561-16bb-4d7e-a76d-2f5d30bc4735,249,58148,2019-12-29T18:00:00+00:00,sr:match:18001823,closed,-6,"Cloudy Temp: 40 F, Humidity: 70%, Wind: Southwest 16 mph"
251,69016,INGEST,b3162a63-cc56-4d65-b46d-3fa127aac2ac,242,58141,2019-12-29T18:00:00+00:00,sr:match:18001805,closed,-5,"Rain Temp: 43 F, Humidity: 85%, Wind: ESE 7 mph"
252,75029,INGEST,b40a6567-364f-4e1d-91b2-695cbd30a683,252,58151,2019-12-29T21:25:00+00:00,sr:match:18001809,closed,-5,"Rain Temp: 42 F, Humidity: 69%, Wind: East 5 mph"
253,72203,INGEST,c48c7db4-27ca-49b8-8bdd-068573226616,243,58142,2019-12-29T18:00:00+00:00,sr:match:18001811,closed,-5,"Cloudy Temp: 63 F, Humidity: 89%, Wind: S 9 mph"
254,70695,INGEST,f73a5d00-a948-4cfe-9b96-3d3e60db8006,241,58140,2019-12-29T21:25:00+00:00,sr:match:18001803,closed,-5,"Cloudy, Rain Temp: 46 F, Humidity: 91%, Wind: East 7 mph"
255,68665,INGEST,ffd74fe1-a229-4b0a-acc7-ef1248c03d21,255,58154,2019-12-29T21:25:00+00:00,sr:match:18001831,closed,-8,"Cloudy Temp: 62 F, Humidity: 47%, Wind:  0 mph"
